{
    "parts":[
        {
            "id": 1,
            "name": "black grill",
            "price": 1499,
            "cate": "mist fan parts",
            "img": "../proimg/BACK GRILL - 1999.png"
        },
        {
            "id": 2,
            "name": "blade",
            "price": 1199,
            "cate": "mist fan parts",
            "img": "../proimg/BLADE - 999.png"
        },
        {
            "id": 3,
            "name": "handle",
            "price": 399,
            "cate": "mist fan parts",
            "img": "../proimg/HANDLE - 399.png"
        },
        {
            "id": 4,
            "name": "grill front",
            "price": 999,
            "cate": "mist fan parts",
            "img": "../proimg/GRILL FRONT - 999.png"
        },
        {
            "id": 5,
            "name": "mist kit",
            "price": 3999,
            "cate": "mist fan parts",
            "img": "../proimg/MIST KIT - 3500.png"
        },
        {
            "id": 6,
            "name": "motor",
            "price": 3999,
            "cate": "mist fan parts",
            "img": "../proimg/MOTOR - 3000.png"
        },
        {
            "id": 7,
            "name": "panel",
            "price": 2499,
            "cate": "mist fan parts",
            "img": "../proimg/PANEL - 3000.png"
        },
        {
            "id": 8,
            "name": "pin",
            "price": 99,
            "cate": "mist fan parts",
            "img": "../proimg/PINS - 99.png"
        },
        {
            "id": 9,
            "name": "pump og",
            "price": 999,
            "cate": "mist fan parts",
            "img": "../proimg/PUMP OG - 999.png"
        },
        {
            "id": 10,
            "name": "submersible pump",
            "price": 499,
            "cate": "mist fan parts",
            "img": "../proimg/SUBMERSIBLE PUMP - 499.png"
        },
        {
            "id": 11,
            "name": "tank",
            "price": 1499,
            "cate": "mist fan parts",
            "img": "../proimg/TANK - 1499.png"
        },
        {
            "id": 12,
            "name": "trolley",
            "price": 999,
            "cate": "mist fan parts",
            "img": "../proimg/TROLLEY - 999.png"
        },
        {
            "id": 13,
            "name": "tyres",
            "price": 399,
            "cate": "mist fan parts",
            "img": "../proimg/TYRES - 399.png"
        }
    ]
}